slug,genus,species,display_name,authority,order,family,habitat,aphia_id,accepted_name,other_names,original_description,sources,record_source,links,verified_id,in_book,status,notes
acartia_hudsonica,Acartia,hudsonica,,"Pinhey, 1926",Calanoida,Acartiidae,marine,157664,,,,,,,,FALSE,,
acartia_longiremis,Acartia,longiremis,,"(Lilljeborg, 1853)",Calanoida,Acartiidae,marine,104257,,,,,turner1981,,,FALSE,,
acartia_tonsa,Acartia,tonsa,,"Dana, 1849-1852",Calanoida,Acartiidae,marine,104262,,,,,,Banyuls copepod database <https://copepodes.obs-banyuls.fr/en/fichesp.php?sp=13>,,TRUE,stub,
anomalocera_opalus,Anomalocera,opalus,,"Pennell, 1976",Calanoida,Pontellidae,marine,157665,,,,,turner1981,,,FALSE,,My own observations
anomalocera_pattersoni,Anomalocera,pattersoni,,,Calanoida,Pontellidae,marine,,,,,,turner1981,,,FALSE,,
calanopia_americana,Calanopia,americana,,"Dahl F., 1894",Calanoida,Pontellidae,marine,104723,,,,,turner1981,,,FALSE,,
calanus_finmarchicus,Calanus,finmarchicus,,,Calanoida,Calanidae,marine,,,,,,,,,FALSE,,
calanus_hyperboreus,Calanus,hyperboreus,,,Calanoida,Calanidae,marine,,,,,,turner1981,,,FALSE,,
calanus_minor,Calanus,minor,,,Calanoida,Calanidae,marine,,,,,,turner1981,,,FALSE,,
candacia_armata,Candacia,armata,,"Boeck, 1873",Calanoida,Candaciidae,marine,104474,,,,,turner1981,,,FALSE,,
centropages_bradyi,Centropages,bradyi,,"Wheeler, 1900",Calanoida,Centropagidae,marine,104491,,,,,turner1981,,,FALSE,,
centropages_hamatus,Centropages,hamatus,,"(Lilljeborg, 1853)",Calanoida,Centropagidae,marine,104496,,,,,,,,FALSE,,
centropages_typicus,Centropages,typicus,,"Krøyer, 1849",Calanoida,Centropagidae,marine,104499,,,,,,,,FALSE,,
corycaeus_elongatus,Corycaeus,elongatus,,,Cyclopoida,Corycaeidae,marine,,,,,,turner1981,,,FALSE,,
corycaeus_ovalis,Corycaeus,ovalis,,,Cyclopoida,Corycaeidae,marine,,,,,,turner1981,,,FALSE,,
corycaeus_speciosus,Corycaeus,speciosus,,,Cyclopoida,Corycaeidae,marine,,,,,,turner1981,,,FALSE,,
corycaeus_venustus,Corycaeus,venustus,,,Cyclopoida,Corycaeidae,marine,,,,,,turner1981,,,FALSE,,
diacyclops_navus,Diacyclops,navus,,,Cyclopoida,Cyclopidae,freshwater,,,,,,,,,TRUE,stub,
epischura_massachusettsensis,Epischura,massachusettsensis,,,Calanoida,Temoridae,freshwater,,,,,,,,,FALSE,,
epischura_nordenskioldi,Epischura,nordenskioldi,Epischura nordenskiöldi,,Calanoida,Temoridae,freshwater,,,,deguerne1889,herrick1895; schacht1898,,,,TRUE,draft,
eucalanus_crassus,Eucalanus,crassus,,,Calanoida,Eucalanidae,marine,,,,,,turner1981,,,FALSE,,
eucalanus_monachus,Eucalanus,monachus,,,Calanoida,Eucalanidae,marine,,,,,,turner1981,,,FALSE,,
eucalanus_pileatus,Eucalanus,pileatus,,,Calanoida,Eucalanidae,marine,,,,,,turner1981,,,FALSE,,
euchaeta_norvegica,Euchaeta,norvegica,,"Boeck, 1873",Calanoida,Euchaetidae,marine,149707,Paraeuchaeta norvegica,,,,turner1981,,,FALSE,,"WoRMS: unaccepted, now Paraeuchaeta norvegica (AphiaID 104566); rename when convenient"
eurytemora_affinis,Eurytemora,affinis,,,Calanoida,Temoridae,marine,,Eurytemora carolleeae,,,,turner1981,,,FALSE,,North American populations accepted as Eurytemora carolleeae (spreadsheet had 'carolleea')
eurytemora_americana,Eurytemora,americana,,,Calanoida,Temoridae,marine,,,,,,turner1981,,,FALSE,,
eurytemora_herdmani,Eurytemora,herdmani,,,Calanoida,Temoridae,marine,,,,,,,,,FALSE,,
labidocera_aestiva,Labidocera,aestiva,,,Calanoida,Pontellidae,marine,,,,,,turner1981,,,FALSE,,
leptodiaptomus_minutus,Leptodiaptomus,minutus,,,Calanoida,Diaptomidae,freshwater,,,,,,,,,FALSE,,
mecynocera_clausi,Mecynocera,clausi,,,Calanoida,Mecynoceridae,marine,,,,,,turner1981,,,FALSE,,Spelled 'Mecyonera' in the original spreadsheet
metridia_longa,Metridia,longa,,,Calanoida,Metridinidae,marine,,,,,,turner1981,,,FALSE,,
metridia_lucens,Metridia,lucens,,,Calanoida,Metridinidae,marine,,,,,,,,,FALSE,,
microsetella_norvegica,Microsetella,norvegica,,,Harpacticoida,Ectinosomatidae,marine,,,,,,,,,FALSE,,
oithona_atlantica,Oithona,atlantica,,,Cyclopoida,Oithonidae,marine,,,,,,,,,FALSE,,
oithona_colcarva,Oithona,colcarva,,,Cyclopoida,Oithonidae,marine,,,,,,turner1981,,,FALSE,,
oithona_plumifera,Oithona,plumifera,,,Cyclopoida,Oithonidae,marine,,,,,,turner1981,,,FALSE,,
oithona_similis,Oithona,similis,,,Cyclopoida,Oithonidae,marine,,,,,,,,,FALSE,,
oithona_spinirostris,Oithona,spinirostris,,,Cyclopoida,Oithonidae,marine,,,,,,turner1981,,,FALSE,,
oncaea_venusta,Oncaea,venusta,,,Cyclopoida,Oncaeidae,marine,,,,,,turner1981,,,FALSE,,
paracalanus_parvus,Paracalanus,parvus,,,Calanoida,Paracalanidae,marine,,,,,,,,,FALSE,,
parvocalanus_crassirostris,Parvocalanus,crassirostris,,,Calanoida,Paracalanidae,marine,,,,,,turner1981,,,FALSE,,
pontella_meadi,Pontella,meadi,,,Calanoida,Pontellidae,marine,,,,,,turner1981,,,FALSE,,
pseudocalanus_moultoni,Pseudocalanus,moultoni,,,Calanoida,Clausocalanidae,marine,,,,,,,,,FALSE,,
pseudocalanus_newmanni,Pseudocalanus,newmanni,,,Calanoida,Clausocalanidae,marine,,,,,,,,,FALSE,,
pseudodiaptomus_coronatus,Pseudodiaptomus,coronatus,,,Calanoida,Pseudodiaptomidae,marine,,,,,,turner1981,,,FALSE,,
rhincalanus_nasutus,Rhincalanus,nasutus,,,Calanoida,Rhincalanidae,marine,,,,,,turner1981,,,FALSE,,Spelled 'nastutus' in the original spreadsheet
sapphirina_auronitens,Sapphirina,auronitens,,,Cyclopoida,Sapphirinidae,marine,,,,,,turner1981,,,FALSE,,
skistodiaptomus_pallidus,Skistodiaptomus,pallidus,,,Calanoida,Diaptomidae,freshwater,,,,,,,,,FALSE,,
skistodiaptomus_pygmaeus,Skistodiaptomus,pygmaeus,,,Calanoida,Diaptomidae,freshwater,,,,,,,,,FALSE,,
temora_longicornis,Temora,longicornis,,,Calanoida,Temoridae,marine,,,,,,,,,FALSE,,
temora_stylifera,Temora,stylifera,,,Calanoida,Temoridae,marine,,,,,,turner1981,,,FALSE,,
temora_turbinata,Temora,turbinata,,,Calanoida,Temoridae,marine,,,,,,turner1981,,,FALSE,,
tortanus_discaudatus,Tortanus,discaudatus,,,Calanoida,Tortanidae,marine,,,,,,,,,FALSE,,
